set_slug,subset_slug,name,slug,description,aliases,related_slugs
process,observe-and-document,Documentation,documentation,"The recording, describing, photographing, writing, or otherwise preserving of studio practice.","process notes|studio evidence|documentation practice","archive|reflection|observation"
process,observe-and-document,Observation,observation,"Close looking, listening, noticing, or attending to visual, material, spatial, or social details.","noticing|close looking|attending","documentation|field-notes"
process,observe-and-document,Reflection,reflection,"Thinking back through a process, decision, work, or encounter in order to understand what has changed.","critical reflection|reflective writing|self-evaluation","documentation|process-journal"
process,observe-and-document,Field notes,field-notes,"Written, visual, or recorded notes made during observation, research, travel, or site-based practice.","fieldwork notes|site notes|research notes","observation|documentation"
process,observe-and-document,Process journal,process-journal,"A record of studio activity, decision-making, experimentation, testing, and reflection over time.","studio journal|process diary|visual journal","documentation|reflection"
process,observe-and-document,Visual diary,visual-diary,"A visual record of images, drawings, notes, references, tests, and developing ideas.","sketchbook|visual journal|image log","process-journal|documentation"
process,observe-and-document,Studio log,studio-log,"A practical record of studio actions, materials, timings, tests, failures, and outcomes.","work log|making log|studio record","process-journal|documentation"
process,observe-and-document,Annotation,annotation,"Notes or marks added to an image, text, object, or document to explain, question, or interpret it.","mark-up|notes|commentary","documentation|reflection"
process,observe-and-document,Recording,recording,"The capture of sound, image, movement, speech, action, or process using analogue or digital means.","capture|audio recording|video recording","documentation|observation"
process,observe-and-document,Evidence,evidence,"Material, visual, textual, or experiential traces that support an interpretation or account of practice.","proof|trace|record","documentation|archive"
